ID,Customer ID,Professional ID,Date of Request,Date of Completion,Status,Rating,Remarks
1,1,1,2025-03-29,,Cancelled,,
2,1,1,2025-03-29,,Requested,,
3,1,2,2025-03-29,2025-03-29 13:40:24.903199,Closed,5,"amazing work and nice behaviour
"
4,4,1,2025-03-29,,Requested,,
5,4,4,2025-03-29,,Requested,,
6,4,6,2025-03-29,,Requested,,
7,1,1,2025-03-29,,Requested,,
8,1,4,2025-03-29,,Requested,,
9,1,6,2025-03-29,,Requested,,
11,1,2,2025-03-29,2025-03-29 20:36:25.574895,Closed,3,not very polite 
12,2,2,2025-03-29,2025-03-29 20:37:34.927083,Closed,4,good
13,2,2,2025-03-29,,Accepted,,
14,2,8,2025-03-29,,Requested,,
